threshold,accuracy,precision,recall,f1,roc_auc,average_precision,true_negatives,false_positives,false_negatives,true_positives,false_positive_ratio,false_negative_ratio,strategy_name,split_name
0.1,0.08847646094156233,0.05076057511981663,0.9902439024390244,0.09657086223984143,0.8744788091522326,0.6357269300074609,994,22777,12,1218,0.9492394248801834,0.00975609756097561,baseline_centralized_model,bank_1_valid
0.15,0.23083076676932923,0.05808700775802809,0.9617886178861789,0.1095573254306353,0.8744788091522326,0.6357269300074609,4588,19183,47,1183,0.9419129922419719,0.038211382113821135,baseline_centralized_model,bank_1_valid
0.2,0.4140634374625015,0.07228915662650602,0.9219512195121952,0.13406632381627948,0.8744788091522326,0.6357269300074609,9218,14553,96,1134,0.927710843373494,0.07804878048780488,baseline_centralized_model,bank_1_valid
0.25,0.5323787048518059,0.08681570424204124,0.8934959349593496,0.1582547339621283,0.8744788091522326,0.6357269300074609,12211,11560,131,1099,0.9131842957579588,0.10650406504065041,baseline_centralized_model,bank_1_valid
0.3,0.6386544538218472,0.10752363709515188,0.8691056910569106,0.19137128535624776,0.8744788091522326,0.6357269300074609,14898,8873,161,1069,0.8924763629048481,0.13089430894308943,baseline_centralized_model,bank_1_valid
0.35,0.7140514379424823,0.12992372139552333,0.8447154471544716,0.22520862685596618,0.8744788091522326,0.6357269300074609,16813,6958,191,1039,0.8700762786044767,0.15528455284552845,baseline_centralized_model,bank_1_valid
0.4,0.7603295868165273,0.14933726067746686,0.824390243902439,0.2528678304239402,0.8744788091522326,0.6357269300074609,17995,5776,216,1014,0.8506627393225331,0.17560975609756097,baseline_centralized_model,bank_1_valid
0.45,0.797328106875725,0.17064377682403434,0.808130081300813,0.2817859673990078,0.8744788091522326,0.6357269300074609,18940,4831,236,994,0.8293562231759657,0.191869918699187,baseline_centralized_model,bank_1_valid
0.5,0.8339266429342826,0.19838976052848886,0.78130081300813,0.3164306881791241,0.8744788091522326,0.6357269300074609,19888,3883,269,961,0.8016102394715111,0.2186991869918699,baseline_centralized_model,bank_1_valid
0.55,0.8800847966081357,0.2551246537396122,0.748780487804878,0.3805785123966942,0.8744788091522326,0.6357269300074609,21082,2689,309,921,0.7448753462603878,0.25121951219512195,baseline_centralized_model,bank_1_valid
0.6,0.9198032078716851,0.3466561139691334,0.7121951219512195,0.4663295182326324,0.8744788091522326,0.6357269300074609,22120,1651,354,876,0.6533438860308667,0.28780487804878047,baseline_centralized_model,bank_1_valid
0.65,0.9388824447022119,0.4242115971515768,0.6780487804878049,0.5219023779724656,0.8744788091522326,0.6357269300074609,22639,1132,396,834,0.5757884028484231,0.32195121951219513,baseline_centralized_model,bank_1_valid
0.7,0.9503219871205152,0.49608865710560623,0.6186991869918699,0.5506512301013025,0.8744788091522326,0.6357269300074609,22998,773,469,761,0.5039113428943938,0.38130081300813007,baseline_centralized_model,bank_1_valid
0.75,0.9623615055397784,0.6322049405306496,0.5617886178861788,0.5949203616013775,0.8744788091522326,0.6357269300074609,23369,402,539,691,0.3677950594693504,0.43821138211382116,baseline_centralized_model,bank_1_valid
0.8,0.969001239950402,0.79204107830552,0.5016260162601626,0.6142359382777501,0.8744788091522326,0.6357269300074609,23609,162,613,617,0.2079589216944801,0.4983739837398374,baseline_centralized_model,bank_1_valid
0.85,0.96888124475021,0.8964912280701754,0.41544715447154473,0.5677777777777778,0.8744788091522326,0.6357269300074609,23712,59,719,511,0.10350877192982456,0.5845528455284553,baseline_centralized_model,bank_1_valid
0.9,0.9679612815487381,0.9673202614379085,0.36097560975609755,0.5257548845470693,0.8744788091522326,0.6357269300074609,23756,15,786,444,0.032679738562091505,0.6390243902439025,baseline_centralized_model,bank_1_valid
0.1,0.08,0.03334034055076729,0.9900124843945068,0.0645082567314732,0.8617842515649603,0.7230915241358138,1207,22992,8,793,0.9666596594492327,0.009987515605493134,baseline_centralized_model,bank_2_valid
0.15,0.35996,0.0437627566334494,0.9101123595505618,0.0835099375680165,0.8617842515649603,0.7230915241358138,8270,15929,72,729,0.9562372433665506,0.0898876404494382,baseline_centralized_model,bank_2_valid
0.2,0.77664,0.10385953288056982,0.7827715355805244,0.18338695525007312,0.8617842515649603,0.7230915241358138,18789,5410,174,627,0.8961404671194302,0.21722846441947566,baseline_centralized_model,bank_2_valid
0.25,0.93156,0.2814601344860711,0.731585518102372,0.4065209850849809,0.8617842515649603,0.7230915241358138,22703,1496,215,586,0.7185398655139289,0.26841448189762795,baseline_centralized_model,bank_2_valid
0.3,0.95984,0.4254224834680382,0.7228464419475655,0.5356151711378353,0.8617842515649603,0.7230915241358138,23417,782,222,579,0.5745775165319618,0.27715355805243447,baseline_centralized_model,bank_2_valid
0.35,0.96992,0.5221719457013575,0.7203495630461922,0.6054564533053515,0.8617842515649603,0.7230915241358138,23671,528,224,577,0.47782805429864256,0.27965043695380776,baseline_centralized_model,bank_2_valid
0.4,0.97468,0.5855397148676171,0.717852684144819,0.6449803701626472,0.8617842515649603,0.7230915241358138,23792,407,226,575,0.41446028513238287,0.28214731585518105,baseline_centralized_model,bank_2_valid
0.45,0.9772,0.6256800870511425,0.717852684144819,0.6686046511627907,0.8617842515649603,0.7230915241358138,23855,344,226,575,0.37431991294885747,0.28214731585518105,baseline_centralized_model,bank_2_valid
0.5,0.97844,0.6475225225225225,0.717852684144819,0.6808762581409118,0.8617842515649603,0.7230915241358138,23886,313,226,575,0.3524774774774775,0.28214731585518105,baseline_centralized_model,bank_2_valid
0.55,0.97944,0.6662804171494786,0.717852684144819,0.6911057692307693,0.8617842515649603,0.7230915241358138,23911,288,226,575,0.33371958285052145,0.28214731585518105,baseline_centralized_model,bank_2_valid
0.6,0.9798,0.6737089201877934,0.7166042446941323,0.6944948578342408,0.8617842515649603,0.7230915241358138,23921,278,227,574,0.32629107981220656,0.2833957553058677,baseline_centralized_model,bank_2_valid
0.65,0.98068,0.691566265060241,0.7166042446941323,0.703862660944206,0.8617842515649603,0.7230915241358138,23943,256,227,574,0.30843373493975906,0.2833957553058677,baseline_centralized_model,bank_2_valid
0.7,0.98184,0.7182389937106918,0.7128589263420724,0.7155388471177945,0.8617842515649603,0.7230915241358138,23975,224,230,571,0.28176100628930817,0.28714107365792757,baseline_centralized_model,bank_2_valid
0.75,0.98308,0.7493403693931399,0.7091136079900124,0.7286722257857601,0.8617842515649603,0.7230915241358138,24009,190,233,568,0.25065963060686014,0.2908863920099875,baseline_centralized_model,bank_2_valid
0.8,0.9844,0.788218793828892,0.7016229712858927,0.7424042272126816,0.8617842515649603,0.7230915241358138,24048,151,239,562,0.211781206171108,0.2983770287141074,baseline_centralized_model,bank_2_valid
0.85,0.9858,0.8452012383900929,0.6816479400749064,0.7546648237733241,0.8617842515649603,0.7230915241358138,24099,100,255,546,0.15479876160990713,0.31835205992509363,baseline_centralized_model,bank_2_valid
0.9,0.98712,0.9299820466786356,0.6466916354556804,0.7628865979381443,0.8617842515649603,0.7230915241358138,24160,39,283,518,0.07001795332136446,0.3533083645443196,baseline_centralized_model,bank_2_valid
0.1,0.08423831523369532,0.04208874005860193,0.9901526341703595,0.08074521691995744,0.8764423788994168,0.6810027856254487,2201,45769,20,2011,0.957911259941398,0.009847365829640572,baseline_centralized_model,central_valid
0.15,0.29539409211815765,0.05164217804667243,0.9414081733136386,0.09791319933427219,0.8764423788994168,0.6810027856254487,12858,35112,119,1912,0.9483578219533275,0.0585918266863614,baseline_centralized_model,central_valid
0.2,0.5953480930381393,0.08106241944393298,0.8670605612998523,0.1482635234687434,0.8764423788994168,0.6810027856254487,28007,19963,270,1761,0.918937580556067,0.1329394387001477,baseline_centralized_model,central_valid
0.25,0.7319653606927862,0.11430703480089546,0.8296405711472181,0.20093012163129026,0.8764423788994168,0.6810027856254487,34914,13056,346,1685,0.8856929651991046,0.17035942885278188,baseline_centralized_model,central_valid
0.3,0.7992440151196976,0.14580199946916747,0.811422944362383,0.2471876406179691,0.8764423788994168,0.6810027856254487,38315,9655,383,1648,0.8541980005308325,0.18857705563761692,baseline_centralized_model,central_valid
0.35,0.8419831603367932,0.1775433970555922,0.7956671590349581,0.2903080930566783,0.8764423788994168,0.6810027856254487,40484,7486,415,1616,0.8224566029444078,0.20433284096504184,baseline_centralized_model,central_valid
0.4,0.8675026499470011,0.20445187853834276,0.7823732151649434,0.32418647352851165,0.8764423788994168,0.6810027856254487,41787,6183,442,1589,0.7955481214616572,0.21762678483505662,baseline_centralized_model,central_valid
0.45,0.8872622547549049,0.2326512455516014,0.7725258493353028,0.3576068376068376,0.8764423788994168,0.6810027856254487,42795,5175,462,1569,0.7673487544483986,0.2274741506646972,baseline_centralized_model,central_valid
0.5,0.9061818763624727,0.26796929518492674,0.7562776957163959,0.39572330284683754,0.8764423788994168,0.6810027856254487,43774,4196,495,1536,0.7320307048150733,0.24372230428360414,baseline_centralized_model,central_valid
0.55,0.9297614047719046,0.3344511513525598,0.7365829640571148,0.46002460024600245,0.8764423788994168,0.6810027856254487,44993,2977,535,1496,0.6655488486474402,0.2634170359428853,baseline_centralized_model,central_valid
0.6,0.9498010039799204,0.429121041728322,0.7139340226489415,0.5360443622920518,0.8764423788994168,0.6810027856254487,46041,1929,581,1450,0.570878958271678,0.2860659773510586,baseline_centralized_model,central_valid
0.65,0.9597808043839123,0.5035765379113019,0.6932545544066963,0.583385125336648,0.8764423788994168,0.6810027856254487,46582,1388,623,1408,0.49642346208869814,0.3067454455933038,baseline_centralized_model,central_valid
0.7,0.9660806783864323,0.5719192786603693,0.6558345642540621,0.6110091743119266,0.8764423788994168,0.6810027856254487,46973,997,699,1332,0.42808072133963077,0.34416543574593794,baseline_centralized_model,central_valid
0.75,0.9727205455890883,0.6801728795245813,0.6198916789758739,0.648634724368882,0.8764423788994168,0.6810027856254487,47378,592,772,1259,0.31982712047541867,0.38010832102412606,baseline_centralized_model,central_valid
0.8,0.9767004659906802,0.7902144772117963,0.5805022156573116,0.6693159239284701,0.8764423788994168,0.6810027856254487,47657,313,852,1179,0.20978552278820375,0.4194977843426883,baseline_centralized_model,central_valid
0.85,0.9773404531909362,0.8692434210526315,0.5204332840965041,0.6510625192485371,0.8764423788994168,0.6810027856254487,47811,159,974,1057,0.13075657894736842,0.4795667159034958,baseline_centralized_model,central_valid
0.9,0.9775404491910161,0.9468503937007874,0.4736582964057115,0.6314407614046603,0.8764423788994168,0.6810027856254487,47916,54,1069,962,0.0531496062992126,0.5263417035942886,baseline_centralized_model,central_valid
0.1,0.06419743210271589,0.04969120754103689,0.9943089430894309,0.09465211670923303,0.851497264036626,0.385830652707972,382,23389,7,1223,0.9503087924589632,0.005691056910569106,federated_equal_weight_model,bank_1_valid
0.15,0.2402303907843686,0.058282361131831516,0.9528455284552846,0.1098458222034772,0.851497264036626,0.385830652707972,4834,18937,58,1172,0.9417176388681685,0.04715447154471545,federated_equal_weight_model,bank_1_valid
0.2,0.48714051437942485,0.08036490008688098,0.9024390243902439,0.14758675708017552,0.851497264036626,0.385830652707972,11069,12702,120,1110,0.919635099913119,0.0975609756097561,federated_equal_weight_model,bank_1_valid
0.25,0.6467341306347746,0.1093525179856115,0.865040650406504,0.19416058394160585,0.851497264036626,0.385830652707972,15105,8666,166,1064,0.8906474820143885,0.13495934959349593,federated_equal_weight_model,bank_1_valid
0.3,0.7475700971961121,0.14363865899845701,0.832520325203252,0.24500538341906927,0.851497264036626,0.385830652707972,17666,6105,206,1024,0.856361341001543,0.16747967479674797,federated_equal_weight_model,bank_1_valid
0.35,0.8384464621415143,0.2030027489955593,0.7804878048780488,0.3222017116965934,0.851497264036626,0.385830652707972,20002,3769,270,960,0.7969972510044406,0.21951219512195122,federated_equal_weight_model,bank_1_valid
0.4,0.8988840446382145,0.2859498680738786,0.7048780487804878,0.40685124354763025,0.851497264036626,0.385830652707972,21606,2165,363,867,0.7140501319261213,0.2951219512195122,federated_equal_weight_model,bank_1_valid
0.45,0.9140434382624695,0.3132872815928484,0.6268292682926829,0.4177729612571119,0.851497264036626,0.385830652707972,22081,1690,459,771,0.6867127184071515,0.37317073170731707,federated_equal_weight_model,bank_1_valid
0.5,0.9157233710651574,0.30149388863739246,0.5414634146341464,0.3873218958999709,0.851497264036626,0.385830652707972,22228,1543,564,666,0.6985061113626075,0.4585365853658537,federated_equal_weight_model,bank_1_valid
0.55,0.9174033038678453,0.2923918448533068,0.47804878048780486,0.36285097192224625,0.851497264036626,0.385830652707972,22348,1423,642,588,0.7076081551466932,0.5219512195121951,federated_equal_weight_model,bank_1_valid
0.6,0.9208431662733491,0.2915971062882582,0.42601626016260163,0.3462173769408655,0.851497264036626,0.385830652707972,22498,1273,706,524,0.7084028937117418,0.5739837398373984,federated_equal_weight_model,bank_1_valid
0.65,0.9274029038838446,0.3019634394041977,0.36260162601626017,0.3295160694495752,0.851497264036626,0.385830652707972,22740,1031,784,446,0.6980365605958023,0.6373983739837399,federated_equal_weight_model,bank_1_valid
0.7,0.9395224191032359,0.3543388429752066,0.2788617886178862,0.31210191082802546,0.851497264036626,0.385830652707972,23146,625,887,343,0.6456611570247934,0.7211382113821139,federated_equal_weight_model,bank_1_valid
0.75,0.9505219791208351,0.4934823091247672,0.21544715447154472,0.29994340690435767,0.851497264036626,0.385830652707972,23499,272,965,265,0.5065176908752328,0.7845528455284553,federated_equal_weight_model,bank_1_valid
0.8,0.9569617215311388,0.8347826086956521,0.15609756097560976,0.26301369863013696,0.851497264036626,0.385830652707972,23733,38,1038,192,0.16521739130434782,0.8439024390243902,federated_equal_weight_model,bank_1_valid
0.85,0.9566817327306908,0.9454545454545454,0.12682926829268293,0.22365591397849463,0.851497264036626,0.385830652707972,23762,9,1074,156,0.05454545454545454,0.8731707317073171,federated_equal_weight_model,bank_1_valid
0.9,0.9554417823287068,0.967741935483871,0.0975609756097561,0.17725258493353027,0.851497264036626,0.385830652707972,23767,4,1110,120,0.03225806451612903,0.9024390243902439,federated_equal_weight_model,bank_1_valid
0.1,0.05844,0.032678395264715554,0.9925093632958801,0.06327350869513311,0.8589256713954039,0.6867512469665344,666,23533,6,795,0.9673216047352844,0.00749063670411985,federated_equal_weight_model,bank_2_valid
0.15,0.28576,0.04012295745025077,0.9288389513108615,0.07692307692307693,0.8589256713954039,0.6867512469665344,6400,17799,57,744,0.9598770425497493,0.07116104868913857,federated_equal_weight_model,bank_2_valid
0.2,0.62004,0.06605467970464977,0.8264669163545568,0.12233207059040932,0.8589256713954039,0.6867512469665344,14839,9360,139,662,0.9339453202953503,0.1735330836454432,federated_equal_weight_model,bank_2_valid
0.25,0.8124,0.12028900605350518,0.7690387016229713,0.20803782505910165,0.8589256713954039,0.6867512469665344,19694,4505,185,616,0.8797109939464949,0.23096129837702872,federated_equal_weight_model,bank_2_valid
0.3,0.89448,0.19815971081169897,0.7528089887640449,0.313735691987513,0.8589256713954039,0.6867512469665344,21759,2440,198,603,0.801840289188301,0.24719101123595505,federated_equal_weight_model,bank_2_valid
0.35,0.94192,0.3204633204633205,0.7253433208489388,0.44452945677123185,0.8589256713954039,0.6867512469665344,22967,1232,220,581,0.6795366795366795,0.2746566791510612,federated_equal_weight_model,bank_2_valid
0.4,0.96968,0.5193868349864743,0.7191011235955056,0.6031413612565445,0.8589256713954039,0.6867512469665344,23666,533,225,576,0.4806131650135257,0.2808988764044944,federated_equal_weight_model,bank_2_valid
0.45,0.97664,0.6162915326902465,0.717852684144819,0.6632064590542099,0.8589256713954039,0.6867512469665344,23841,358,226,575,0.3837084673097535,0.28214731585518105,federated_equal_weight_model,bank_2_valid
0.5,0.97888,0.6556442417331813,0.717852684144819,0.6853396901072706,0.8589256713954039,0.6867512469665344,23897,302,226,575,0.3443557582668187,0.28214731585518105,federated_equal_weight_model,bank_2_valid
0.55,0.98048,0.687875150060024,0.7153558052434457,0.7013463892288861,0.8589256713954039,0.6867512469665344,23939,260,228,573,0.31212484993997597,0.2846441947565543,federated_equal_weight_model,bank_2_valid
0.6,0.98224,0.7285531370038413,0.7103620474406991,0.7193426042983565,0.8589256713954039,0.6867512469665344,23987,212,232,569,0.2714468629961588,0.28963795255930086,federated_equal_weight_model,bank_2_valid
0.65,0.9828,0.7594405594405594,0.6779026217228464,0.716358839050132,0.8589256713954039,0.6867512469665344,24027,172,258,543,0.24055944055944056,0.32209737827715357,federated_equal_weight_model,bank_2_valid
0.7,0.98296,0.7990430622009569,0.6254681647940075,0.7016806722689075,0.8589256713954039,0.6867512469665344,24073,126,300,501,0.20095693779904306,0.37453183520599254,federated_equal_weight_model,bank_2_valid
0.75,0.98312,0.8502772643253235,0.5742821473158551,0.6855439642324889,0.8589256713954039,0.6867512469665344,24118,81,341,460,0.14972273567467653,0.4257178526841448,federated_equal_weight_model,bank_2_valid
0.8,0.98128,0.9302325581395349,0.449438202247191,0.6060606060606061,0.8589256713954039,0.6867512469665344,24172,27,441,360,0.06976744186046512,0.550561797752809,federated_equal_weight_model,bank_2_valid
0.85,0.97712,0.975103734439834,0.2933832709113608,0.4510556621880998,0.8589256713954039,0.6867512469665344,24193,6,566,235,0.024896265560165973,0.7066167290886392,federated_equal_weight_model,bank_2_valid
0.9,0.9746,0.9715909090909091,0.21348314606741572,0.3500511770726714,0.8589256713954039,0.6867512469665344,24194,5,630,171,0.028409090909090908,0.7865168539325843,federated_equal_weight_model,bank_2_valid
0.1,0.061318773624527506,0.041234164282795256,0.9935992122107337,0.07918228012006827,0.8639723230925449,0.5270159596524177,1048,46922,13,2018,0.9587658357172048,0.006400787789266372,federated_equal_weight_model,central_valid
0.15,0.2629947401051979,0.04957052675152644,0.9433776464795667,0.09419167711329056,0.8639723230925449,0.5270159596524177,11234,36736,115,1916,0.9504294732484736,0.05662235352043329,federated_equal_weight_model,central_valid
0.2,0.5535889282214356,0.07434757069732315,0.8724766125061546,0.13701913783104583,0.8639723230925449,0.5270159596524177,25908,22062,259,1772,0.9256524293026769,0.1275233874938454,federated_equal_weight_model,central_valid
0.25,0.7295654086918262,0.11312369537404889,0.827178729689808,0.1990285511195356,0.8639723230925449,0.5270159596524177,34799,13171,351,1680,0.8868763046259511,0.172821270310192,federated_equal_weight_model,central_valid
0.3,0.8210235795284094,0.15994887927644513,0.8010832102412605,0.266655740391707,0.8639723230925449,0.5270159596524177,39425,8545,404,1627,0.8400511207235548,0.19891678975873953,federated_equal_weight_model,central_valid
0.35,0.8901821963560729,0.235554876184653,0.758739537173806,0.359500758194331,0.8639723230925449,0.5270159596524177,42969,5001,490,1541,0.764445123815347,0.24126046282619398,federated_equal_weight_model,central_valid
0.4,0.9342813143737125,0.3484665539724704,0.7104874446085672,0.46759559300064807,0.8639723230925449,0.5270159596524177,45272,2698,588,1443,0.6515334460275296,0.2895125553914328,federated_equal_weight_model,central_valid
0.45,0.9453410931781364,0.3965822038892163,0.6627277203348104,0.49622119815668203,0.8639723230925449,0.5270159596524177,45922,2048,685,1346,0.6034177961107837,0.3372722796651896,federated_equal_weight_model,central_valid
0.5,0.9473010539789204,0.40213869086195725,0.6110290497291975,0.4850498338870432,0.8639723230925449,0.5270159596524177,46125,1845,790,1241,0.5978613091380428,0.3889709502708026,federated_equal_weight_model,central_valid
0.55,0.9489410211795765,0.40822784810126583,0.5716395864106352,0.4763076923076923,0.8639723230925449,0.5270159596524177,46287,1683,870,1161,0.5917721518987342,0.42836041358936483,federated_equal_weight_model,central_valid
0.6,0.9515409691806164,0.4239720713731575,0.5381585425898572,0.47428943371664134,0.8639723230925449,0.5270159596524177,46485,1485,938,1093,0.5760279286268425,0.46184145741014276,federated_equal_weight_model,central_valid
0.65,0.9551008979820403,0.4511861313868613,0.48695224027572626,0.46838740232062515,0.8639723230925449,0.5270159596524177,46767,1203,1042,989,0.5488138686131386,0.5130477597242737,federated_equal_weight_model,central_valid
0.7,0.9612407751844964,0.529153605015674,0.4155588380108321,0.46552675124103693,0.8639723230925449,0.5270159596524177,47219,751,1187,844,0.470846394984326,0.5844411619891678,federated_equal_weight_model,central_valid
0.75,0.9668206635867282,0.6725417439703154,0.35696701132447073,0.4663879060791251,0.8639723230925449,0.5270159596524177,47617,353,1306,725,0.3274582560296846,0.6430329886755293,federated_equal_weight_model,central_valid
0.8,0.9691206175876482,0.8946515397082658,0.2717872968980798,0.4169184290030212,0.8639723230925449,0.5270159596524177,47905,65,1479,552,0.1053484602917342,0.7282127031019202,federated_equal_weight_model,central_valid
0.85,0.9669006619867603,0.9630541871921182,0.19251600196947316,0.32088633565859664,0.8639723230925449,0.5270159596524177,47955,15,1640,391,0.03694581280788178,0.8074839980305268,federated_equal_weight_model,central_valid
0.9,0.9650206995860083,0.97,0.1432791728212703,0.24967824967824967,0.8639723230925449,0.5270159596524177,47961,9,1740,291,0.03,0.8567208271787297,federated_equal_weight_model,central_valid
0.1,0.06515739370425183,0.04970308305539738,0.9934959349593496,0.09466997211031918,0.8536082943177672,0.40045593652967904,407,23364,8,1222,0.9502969169446026,0.0065040650406504065,federated_performance_weighted_model,bank_1_valid
0.15,0.2454701811927523,0.05862034441329596,0.9520325203252032,0.11044044138451381,0.8536082943177672,0.40045593652967904,4966,18805,59,1171,0.941379655586704,0.04796747967479675,federated_performance_weighted_model,bank_1_valid
0.2,0.4886604535818567,0.08052570432762127,0.9016260162601626,0.1478469537395014,0.8536082943177672,0.40045593652967904,11108,12663,121,1109,0.9194742956723787,0.0983739837398374,federated_performance_weighted_model,bank_1_valid
0.25,0.6432542698292069,0.10846318362358692,0.8658536585365854,0.1927776269345642,0.8536082943177672,0.40045593652967904,15017,8754,165,1065,0.891536816376413,0.13414634146341464,federated_performance_weighted_model,bank_1_valid
0.3,0.7428502859885605,0.14179412980570483,0.8365853658536585,0.24248851184164016,0.8536082943177672,0.40045593652967904,17543,6228,201,1029,0.8582058701942952,0.16341463414634147,federated_performance_weighted_model,bank_1_valid
0.35,0.8245670173193073,0.19070952567620542,0.7910569105691057,0.3073278584965256,0.8536082943177672,0.40045593652967904,19642,4129,257,973,0.8092904743237946,0.20894308943089432,federated_performance_weighted_model,bank_1_valid
0.4,0.8939642414303428,0.2777604003753519,0.7219512195121951,0.40117461034560653,0.8536082943177672,0.40045593652967904,21462,2309,342,888,0.7222395996246481,0.2780487804878049,federated_performance_weighted_model,bank_1_valid
0.45,0.9138034478620856,0.3175542406311637,0.6544715447154471,0.42762284196547146,0.8536082943177672,0.40045593652967904,22041,1730,425,805,0.6824457593688363,0.34552845528455284,federated_performance_weighted_model,bank_1_valid
0.5,0.9168033278668853,0.31194690265486724,0.573170731707317,0.4040114613180516,0.8536082943177672,0.40045593652967904,22216,1555,525,705,0.6880530973451328,0.4268292682926829,federated_performance_weighted_model,bank_1_valid
0.55,0.9186032558697652,0.30103806228373703,0.4951219512195122,0.37442360897632954,0.8536082943177672,0.40045593652967904,22357,1414,621,609,0.698961937716263,0.5048780487804878,federated_performance_weighted_model,bank_1_valid
0.6,0.9239230430782769,0.3110236220472441,0.44959349593495934,0.36768617021276595,0.8536082943177672,0.40045593652967904,22546,1225,677,553,0.6889763779527559,0.5504065040650407,federated_performance_weighted_model,bank_1_valid
0.65,0.9299228030878764,0.3202479338842975,0.3780487804878049,0.34675615212527966,0.8536082943177672,0.40045593652967904,22784,987,765,465,0.6797520661157025,0.6219512195121951,federated_performance_weighted_model,bank_1_valid
0.7,0.9419223231070757,0.3860369609856263,0.3056910569105691,0.3411978221415608,0.8536082943177672,0.40045593652967904,23173,598,854,376,0.6139630390143738,0.6943089430894309,federated_performance_weighted_model,bank_1_valid
0.75,0.9526418943242271,0.5477178423236515,0.2146341463414634,0.308411214953271,0.8536082943177672,0.40045593652967904,23553,218,966,264,0.45228215767634855,0.7853658536585366,federated_performance_weighted_model,bank_1_valid
0.8,0.9572417103315868,0.867579908675799,0.15447154471544716,0.26224982746721875,0.8536082943177672,0.40045593652967904,23742,29,1040,190,0.1324200913242009,0.8455284552845529,federated_performance_weighted_model,bank_1_valid
0.85,0.9566817327306908,0.950920245398773,0.12601626016260162,0.22254127781765973,0.8536082943177672,0.40045593652967904,23763,8,1075,155,0.049079754601226995,0.8739837398373984,federated_performance_weighted_model,bank_1_valid
0.9,0.9555617775288988,0.968503937007874,0.1,0.1812822402358143,0.8536082943177672,0.40045593652967904,23767,4,1107,123,0.031496062992125984,0.9,federated_performance_weighted_model,bank_1_valid
0.1,0.05964,0.0327187422833155,0.9925093632958801,0.0633491374158333,0.8589086981081078,0.6843783931722158,696,23503,6,795,0.9672812577166845,0.00749063670411985,federated_performance_weighted_model,bank_2_valid
0.15,0.28928,0.04021462251368489,0.9263420724094882,0.07708290047787243,0.8589086981081078,0.6843783931722158,6490,17709,59,742,0.9597853774863151,0.07365792759051186,federated_performance_weighted_model,bank_2_valid
0.2,0.623,0.06663316582914573,0.8277153558052435,0.12333736396614269,0.8589086981081078,0.6843783931722158,14912,9287,138,663,0.9333668341708543,0.17228464419475656,federated_performance_weighted_model,bank_2_valid
0.25,0.80948,0.11859838274932614,0.7690387016229713,0.20550458715596331,0.8589086981081078,0.6843783931722158,19621,4578,185,616,0.8814016172506739,0.23096129837702872,federated_performance_weighted_model,bank_2_valid
0.3,0.89104,0.19271332694151486,0.7528089887640449,0.3068702290076336,0.8589086981081078,0.6843783931722158,21673,2526,198,603,0.8072866730584851,0.24719101123595505,federated_performance_weighted_model,bank_2_valid
0.35,0.93648,0.29851510496671785,0.7278401997503121,0.4233841684822077,0.8589086981081078,0.6843783931722158,22829,1370,218,583,0.7014848950332822,0.2721598002496879,federated_performance_weighted_model,bank_2_valid
0.4,0.96768,0.4969801553062985,0.7191011235955056,0.5877551020408164,0.8589086981081078,0.6843783931722158,23616,583,225,576,0.5030198446937014,0.2808988764044944,federated_performance_weighted_model,bank_2_valid
0.45,0.97636,0.6117021276595744,0.717852684144819,0.6605399195864445,0.8589086981081078,0.6843783931722158,23834,365,226,575,0.3882978723404255,0.28214731585518105,federated_performance_weighted_model,bank_2_valid
0.5,0.97892,0.656392694063927,0.717852684144819,0.6857483601669648,0.8589086981081078,0.6843783931722158,23898,301,226,575,0.3436073059360731,0.28214731585518105,federated_performance_weighted_model,bank_2_valid
0.55,0.98068,0.6920289855072463,0.7153558052434457,0.7034990791896869,0.8589086981081078,0.6843783931722158,23944,255,228,573,0.3079710144927536,0.2846441947565543,federated_performance_weighted_model,bank_2_valid
0.6,0.9824,0.7341115434500648,0.7066167290886392,0.7201017811704835,0.8589086981081078,0.6843783931722158,23994,205,235,566,0.26588845654993515,0.2933832709113608,federated_performance_weighted_model,bank_2_valid
0.65,0.98256,0.762589928057554,0.66167290886392,0.7085561497326203,0.8589086981081078,0.6843783931722158,24034,165,271,530,0.23741007194244604,0.3383270911360799,federated_performance_weighted_model,bank_2_valid
0.7,0.98248,0.7960848287112561,0.6092384519350812,0.6902404526166902,0.8589086981081078,0.6843783931722158,24074,125,313,488,0.2039151712887439,0.39076154806491886,federated_performance_weighted_model,bank_2_valid
0.75,0.98252,0.8568627450980392,0.5455680399500624,0.6666666666666666,0.8589086981081078,0.6843783931722158,24126,73,364,437,0.14313725490196078,0.4544319600499376,federated_performance_weighted_model,bank_2_valid
0.8,0.9806,0.9413407821229051,0.4207240948813982,0.5815358067299397,0.8589086981081078,0.6843783931722158,24178,21,464,337,0.05865921787709497,0.5792759051186017,federated_performance_weighted_model,bank_2_valid
0.85,0.97672,0.974025974025974,0.2808988764044944,0.436046511627907,0.8589086981081078,0.6843783931722158,24193,6,576,225,0.025974025974025976,0.7191011235955056,federated_performance_weighted_model,bank_2_valid
0.9,0.97452,0.9712643678160919,0.21098626716604243,0.3466666666666667,0.8589086981081078,0.6843783931722158,24194,5,632,169,0.028735632183908046,0.7890137328339576,federated_performance_weighted_model,bank_2_valid
0.1,0.0623987520249595,0.041260944276245805,0.9931068439192516,0.07923008936462732,0.86475902436561,0.5329324072078139,1103,46867,14,2017,0.9587390557237542,0.006893156080748399,federated_performance_weighted_model,central_valid
0.15,0.26737465250694986,0.049782704868972336,0.9419005416051206,0.09456720549705867,0.86475902436561,0.5329324072078139,11456,36514,118,1913,0.9502172951310277,0.05809945839487937,federated_performance_weighted_model,central_valid
0.2,0.5558288834223315,0.07469859202428125,0.8724766125061546,0.13761503514153692,0.86475902436561,0.5329324072078139,26020,21950,259,1772,0.9253014079757187,0.1275233874938454,federated_performance_weighted_model,central_valid
0.25,0.7263654726905462,0.11196962632385266,0.82767109798129,0.19725416568880544,0.86475902436561,0.5329324072078139,34638,13332,350,1681,0.8880303736761473,0.17232890201870998,federated_performance_weighted_model,central_valid
0.3,0.8169436611267774,0.15713460427498555,0.8035450516986706,0.2628654264315052,0.86475902436561,0.5329324072078139,39216,8754,399,1632,0.8428653957250144,0.1964549483013294,federated_performance_weighted_model,central_valid
0.35,0.880522389552209,0.22055279943302622,0.7661250615460364,0.3425049526744442,0.86475902436561,0.5329324072078139,42471,5499,475,1556,0.7794472005669738,0.23387493845396357,federated_performance_weighted_model,central_valid
0.4,0.9308213835723286,0.33608815426997246,0.7208271787296898,0.45843118835133867,0.86475902436561,0.5329324072078139,45078,2892,567,1464,0.6639118457300276,0.2791728212703102,federated_performance_weighted_model,central_valid
0.45,0.9450810983780324,0.3971223021582734,0.6794682422451994,0.5012713403559753,0.86475902436561,0.5329324072078139,45875,2095,651,1380,0.6028776978417266,0.3205317577548006,federated_performance_weighted_model,central_valid
0.5,0.9478610427791444,0.40816326530612246,0.6302314130969966,0.49545190632862396,0.86475902436561,0.5329324072078139,46114,1856,751,1280,0.5918367346938775,0.36976858690300346,federated_performance_weighted_model,central_valid
0.55,0.9496410071798564,0.4145913714486145,0.5819793205317577,0.4842277755018435,0.86475902436561,0.5329324072078139,46301,1669,849,1182,0.5854086285513854,0.41802067946824223,federated_performance_weighted_model,central_valid
0.6,0.9531609367812643,0.43899568458218907,0.55096011816839,0.488646288209607,0.86475902436561,0.5329324072078139,46540,1430,912,1119,0.5610043154178109,0.44903988183161003,federated_performance_weighted_model,central_valid
0.65,0.9562408751824963,0.46343735444806705,0.4899064500246184,0.47630445189085685,0.86475902436561,0.5329324072078139,46818,1152,1036,995,0.5365626455519329,0.5100935499753816,federated_performance_weighted_model,central_valid
0.7,0.9622007559848803,0.5444234404536862,0.4254062038404727,0.47761194029850745,0.86475902436561,0.5329324072078139,47247,723,1167,864,0.4555765595463138,0.5745937961595273,federated_performance_weighted_model,central_valid
0.75,0.9675806483870323,0.7066532258064516,0.345150172328902,0.46377770426728415,0.86475902436561,0.5329324072078139,47679,291,1330,701,0.2933467741935484,0.654849827671098,federated_performance_weighted_model,central_valid
0.8,0.9689206215875682,0.9133448873483535,0.25947808961102903,0.4041411042944785,0.86475902436561,0.5329324072078139,47920,50,1504,527,0.08665511265164645,0.740521910388971,federated_performance_weighted_model,central_valid
0.85,0.9667006659866803,0.9644670050761421,0.18709995076317085,0.3134020618556701,0.86475902436561,0.5329324072078139,47956,14,1651,380,0.03553299492385787,0.8129000492368291,federated_performance_weighted_model,central_valid
0.9,0.9650406991860163,0.9700996677740864,0.14377154111275234,0.2504288164665523,0.86475902436561,0.5329324072078139,47961,9,1739,292,0.029900332225913623,0.8562284588872476,federated_performance_weighted_model,central_valid
0.1,0.06315747370105196,0.049638769380631546,0.9943089430894309,0.09455698159888666,0.8513015620249172,0.5566780837268879,356,23415,7,1223,0.9503612306193685,0.005691056910569106,central_logistic_baseline,bank_1_valid
0.15,0.13571457141714333,0.05299640256207774,0.9821138211382113,0.10056610056610056,0.8513015620249172,0.5566780837268879,2185,21586,22,1208,0.9470035974379223,0.01788617886178862,central_logistic_baseline,bank_1_valid
0.2,0.33414663413463463,0.06554697627233275,0.9455284552845529,0.12259526695830918,0.8513015620249172,0.5566780837268879,7191,16580,67,1163,0.9344530237276673,0.05447154471544716,central_logistic_baseline,bank_1_valid
0.25,0.3999440022399104,0.07128626572033371,0.9308943089430894,0.13243118204950266,0.8513015620249172,0.5566780837268879,8854,14917,85,1145,0.9287137342796663,0.06910569105691057,central_logistic_baseline,bank_1_valid
0.3,0.4641814327426903,0.07756944444444444,0.908130081300813,0.14293026231605885,0.8513015620249172,0.5566780837268879,10488,13283,113,1117,0.9224305555555555,0.091869918699187,central_logistic_baseline,bank_1_valid
0.35,0.6029758809647614,0.09874492432631968,0.8699186991869918,0.17735786507541854,0.8513015620249172,0.5566780837268879,14005,9766,160,1070,0.9012550756736804,0.13008130081300814,central_logistic_baseline,bank_1_valid
0.4,0.718811247550098,0.12868117797695264,0.8170731707317073,0.22234513274336284,0.8513015620249172,0.5566780837268879,16966,6805,225,1005,0.8713188220230473,0.18292682926829268,central_logistic_baseline,bank_1_valid
0.45,0.7700491980320787,0.14876418467278096,0.7780487804878049,0.24977162990995694,0.8513015620249172,0.5566780837268879,18295,5476,273,957,0.851235815327219,0.22195121951219512,central_logistic_baseline,bank_1_valid
0.5,0.7994080236790528,0.16379463492627466,0.7495934959349594,0.2688438547893279,0.8513015620249172,0.5566780837268879,19064,4707,308,922,0.8362053650737253,0.25040650406504067,central_logistic_baseline,bank_1_valid
0.55,0.8346066157353705,0.18608169440242056,0.7,0.2940071709066075,0.8513015620249172,0.5566780837268879,20005,3766,369,861,0.8139183055975794,0.3,central_logistic_baseline,bank_1_valid
0.6,0.874565017399304,0.2278697886921759,0.6487804878048781,0.33727810650887574,0.8513015620249172,0.5566780837268879,21067,2704,432,798,0.7721302113078241,0.35121951219512193,central_logistic_baseline,bank_1_valid
0.65,0.9042038318467261,0.2806026365348399,0.6056910569105691,0.3835263835263835,0.8513015620249172,0.5566780837268879,21861,1910,485,745,0.71939736346516,0.3943089430894309,central_logistic_baseline,bank_1_valid
0.7,0.9257229710811568,0.34594594594594597,0.5723577235772358,0.4312404287901991,0.8513015620249172,0.5566780837268879,22440,1331,526,704,0.654054054054054,0.4276422764227642,central_logistic_baseline,bank_1_valid
0.75,0.9411623535058598,0.4233947870311507,0.5414634146341464,0.47520513735283626,0.8513015620249172,0.5566780837268879,22864,907,564,666,0.5766052129688494,0.4585365853658537,central_logistic_baseline,bank_1_valid
0.8,0.952161913523459,0.5143581081081081,0.4951219512195122,0.5045567522783762,0.8513015620249172,0.5566780837268879,23196,575,621,609,0.4856418918918919,0.5048780487804878,central_logistic_baseline,bank_1_valid
0.85,0.9598016079356826,0.6256983240223464,0.45528455284552843,0.5270588235294118,0.8513015620249172,0.5566780837268879,23436,335,670,560,0.3743016759776536,0.5447154471544715,central_logistic_baseline,bank_1_valid
0.9,0.9659213631454742,0.7953125,0.4138211382113821,0.544385026737968,0.8513015620249172,0.5566780837268879,23640,131,721,509,0.2046875,0.5861788617886179,central_logistic_baseline,bank_1_valid
0.1,0.08884,0.03361344537815126,0.9887640449438202,0.06501662356852604,0.859712685066226,0.6281482403969955,1429,22770,9,792,0.9663865546218487,0.011235955056179775,central_logistic_baseline,bank_2_valid
0.15,0.4494,0.04986111111111111,0.8963795255930087,0.09446746924544439,0.859712685066226,0.6281482403969955,10517,13682,83,718,0.9501388888888889,0.10362047440699126,central_logistic_baseline,bank_2_valid
0.2,0.54152,0.05752469494479954,0.8651685393258427,0.10787671232876712,0.859712685066226,0.6281482403969955,12845,11354,108,693,0.9424753050552005,0.1348314606741573,central_logistic_baseline,bank_2_valid
0.25,0.61572,0.06577909270216963,0.83270911360799,0.12192669774243671,0.859712685066226,0.6281482403969955,14726,9473,134,667,0.9342209072978304,0.16729088639200998,central_logistic_baseline,bank_2_valid
0.3,0.78988,0.10919943820224719,0.7765293383270911,0.19147298753270742,0.859712685066226,0.6281482403969955,19125,5074,179,622,0.8908005617977528,0.22347066167290885,central_logistic_baseline,bank_2_valid
0.35,0.87284,0.16806253489670575,0.7515605493133583,0.27469769564225416,0.859712685066226,0.6281482403969955,21219,2980,199,602,0.8319374651032942,0.2484394506866417,central_logistic_baseline,bank_2_valid
0.4,0.89888,0.2037735849056604,0.7415730337078652,0.31969860064585576,0.859712685066226,0.6281482403969955,21878,2321,207,594,0.7962264150943397,0.25842696629213485,central_logistic_baseline,bank_2_valid
0.45,0.91328,0.23101141282959464,0.7328339575530587,0.35128665469778575,0.859712685066226,0.6281482403969955,22245,1954,214,587,0.7689885871704053,0.2671660424469413,central_logistic_baseline,bank_2_valid
0.5,0.93132,0.279383429672447,0.7240948813982522,0.4031977754605492,0.859712685066226,0.6281482403969955,22703,1496,221,580,0.720616570327553,0.2759051186017478,central_logistic_baseline,bank_2_valid
0.55,0.94844,0.3493827160493827,0.7066167290886392,0.46757538207352334,0.859712685066226,0.6281482403969955,23145,1054,235,566,0.6506172839506172,0.2933832709113608,central_logistic_baseline,bank_2_valid
0.6,0.95924,0.41602465331278893,0.6741573033707865,0.5145307289185327,0.859712685066226,0.6281482403969955,23441,758,261,540,0.5839753466872111,0.3258426966292135,central_logistic_baseline,bank_2_valid
0.65,0.9662,0.4793621013133208,0.6379525593008739,0.547402249598286,0.859712685066226,0.6281482403969955,23644,555,290,511,0.5206378986866792,0.3620474406991261,central_logistic_baseline,bank_2_valid
0.7,0.97044,0.5346756152125279,0.5967540574282147,0.5640117994100295,0.859712685066226,0.6281482403969955,23783,416,323,478,0.465324384787472,0.40324594257178525,central_logistic_baseline,bank_2_valid
0.75,0.97412,0.6037735849056604,0.5593008739076155,0.5806869734283863,0.859712685066226,0.6281482403969955,23905,294,353,448,0.39622641509433965,0.44069912609238454,central_logistic_baseline,bank_2_valid
0.8,0.97696,0.68,0.5305867665418227,0.5960729312762973,0.859712685066226,0.6281482403969955,23999,200,376,425,0.32,0.46941323345817726,central_logistic_baseline,bank_2_valid
0.85,0.97944,0.7808219178082192,0.49812734082397003,0.6082317073170732,0.859712685066226,0.6281482403969955,24087,112,402,399,0.2191780821917808,0.50187265917603,central_logistic_baseline,bank_2_valid
0.9,0.981,0.8808411214953271,0.4706616729088639,0.613506916192026,0.859712685066226,0.6281482403969955,24148,51,424,377,0.1191588785046729,0.529338327091136,central_logistic_baseline,bank_2_valid
0.1,0.0759984800303994,0.04180497925311203,0.9921221073362876,0.08022934044713424,0.8633654281094566,0.5844048156355166,1785,46185,16,2015,0.958195020746888,0.007877892663712457,central_logistic_baseline,central_valid
0.15,0.29255414891702164,0.05178254557186643,0.948301329394387,0.09820267686424475,0.8633654281094566,0.5844048156355166,12702,35268,105,1926,0.9482174544281335,0.051698670605613,central_logistic_baseline,central_valid
0.2,0.4378312433751325,0.062302786169855656,0.913835548990645,0.11665252506206593,0.8633654281094566,0.5844048156355166,20036,27934,175,1856,0.9376972138301444,0.08616445100935499,central_logistic_baseline,central_valid
0.25,0.507829843403132,0.06915502633386765,0.8921713441654358,0.1283604292848794,0.8633654281094566,0.5844048156355166,23580,24390,219,1812,0.9308449736661324,0.10782865583456426,central_logistic_baseline,central_valid
0.3,0.627027459450811,0.08653463375796179,0.8562284588872476,0.1571835314321869,0.8633654281094566,0.5844048156355166,29613,18357,292,1739,0.9134653662420382,0.14377154111275234,central_logistic_baseline,central_valid
0.35,0.737905241895162,0.11596615341933694,0.8232397833579518,0.20329503313271324,0.8633654281094566,0.5844048156355166,35224,12746,359,1672,0.8840338465806631,0.17676021664204825,central_logistic_baseline,central_valid
0.4,0.8088438231235375,0.14909090909090908,0.7872968980797637,0.25070555032925684,0.8633654281094566,0.5844048156355166,38844,9126,432,1599,0.850909090909091,0.21270310192023634,central_logistic_baseline,central_valid
0.45,0.8416631667366653,0.17205259638956988,0.7602166420482521,0.2805997273966379,0.8633654281094566,0.5844048156355166,40540,7430,487,1544,0.8279474036104302,0.2397833579517479,central_logistic_baseline,central_valid
0.5,0.8653626927461451,0.19493835171966256,0.7395371738060069,0.3085456039441249,0.8633654281094566,0.5844048156355166,41767,6203,529,1502,0.8050616482803374,0.2604628261939931,central_logistic_baseline,central_valid
0.55,0.8915221695566089,0.2284296462301905,0.7026095519448547,0.3447692679391157,0.8633654281094566,0.5844048156355166,43150,4820,604,1427,0.7715703537698095,0.29739044805514525,central_logistic_baseline,central_valid
0.6,0.9169016619667607,0.27875,0.6587887740029542,0.39174352217830477,0.8633654281094566,0.5844048156355166,44508,3462,693,1338,0.72125,0.3412112259970458,central_logistic_baseline,central_valid
0.65,0.9352012959740805,0.33754367105616767,0.6184145741014279,0.43671766342141866,0.8633654281094566,0.5844048156355166,45505,2465,775,1256,0.6624563289438323,0.38158542589857214,central_logistic_baseline,central_valid
0.7,0.9480810383792324,0.40355069989757597,0.5819793205317577,0.47661290322580646,0.8633654281094566,0.5844048156355166,46223,1747,849,1182,0.596449300102424,0.41802067946824223,central_logistic_baseline,central_valid
0.75,0.9576408471830563,0.4812095032397408,0.5484982767109798,0.5126553152323976,0.8633654281094566,0.5844048156355166,46769,1201,917,1114,0.5187904967602592,0.45150172328902016,central_logistic_baseline,central_valid
0.8,0.9645607087858243,0.5715865118850193,0.5091088133924175,0.5385416666666667,0.8633654281094566,0.5844048156355166,47195,775,997,1034,0.42841348811498065,0.49089118660758246,central_logistic_baseline,central_valid
0.85,0.9696206075878483,0.682076813655761,0.47218119153126537,0.5580448065173116,0.8633654281094566,0.5844048156355166,47523,447,1072,959,0.317923186344239,0.5278188084687346,central_logistic_baseline,central_valid
0.9,0.9734605307893842,0.8295880149812734,0.4362383062530773,0.5717973539851565,0.8633654281094566,0.5844048156355166,47788,182,1145,886,0.1704119850187266,0.5637616937469226,central_logistic_baseline,central_valid
0.1,0.061357545698172075,0.04976715934399676,0.9991869918699187,0.09481195756991322,0.8935269558829113,0.772676846522625,305,23466,1,1229,0.9502328406560032,0.0008130081300813008,central_hist_gradient_boosting_model,bank_1_valid
0.15,0.17631294748210072,0.054975867616639855,0.9723577235772358,0.10406787035022841,0.8935269558829113,0.772676846522625,3212,20559,34,1196,0.9450241323833601,0.027642276422764227,central_hist_gradient_boosting_model,bank_1_valid
0.2,0.4973801047958082,0.08225235849056604,0.9073170731707317,0.15083119340451412,0.8935269558829113,0.772676846522625,11319,12452,114,1116,0.917747641509434,0.09268292682926829,central_hist_gradient_boosting_model,bank_1_valid
0.25,0.7115715371385145,0.1303004079614291,0.8569105691056911,0.2262045283828737,0.8935269558829113,0.772676846522625,16736,7035,176,1054,0.869699592038571,0.14308943089430895,central_hist_gradient_boosting_model,bank_1_valid
0.3,0.8225270989160434,0.19393013933956862,0.8260162601626017,0.3141134642139434,0.8935269558829113,0.772676846522625,19548,4223,214,1016,0.8060698606604314,0.17398373983739837,central_hist_gradient_boosting_model,bank_1_valid
0.35,0.875564977400904,0.25703952467062774,0.8089430894308943,0.3901195843952166,0.8935269558829113,0.772676846522625,20895,2876,235,995,0.7429604753293723,0.1910569105691057,central_hist_gradient_boosting_model,bank_1_valid
0.4,0.9069237230510779,0.319750246467302,0.7910569105691057,0.4554177392932366,0.8935269558829113,0.772676846522625,21701,2070,257,973,0.680249753532698,0.20894308943089432,central_hist_gradient_boosting_model,bank_1_valid
0.45,0.9257229710811568,0.37662337662337664,0.7780487804878049,0.507557677008751,0.8935269558829113,0.772676846522625,22187,1584,273,957,0.6233766233766234,0.22195121951219512,central_hist_gradient_boosting_model,bank_1_valid
0.5,0.9411223551057958,0.4432457786116323,0.7682926829268293,0.5621653777513385,0.8935269558829113,0.772676846522625,22584,1187,285,945,0.5567542213883677,0.23170731707317074,central_hist_gradient_boosting_model,bank_1_valid
0.55,0.953681852725891,0.5202020202020202,0.7536585365853659,0.6155378486055777,0.8935269558829113,0.772676846522625,22916,855,303,927,0.4797979797979798,0.24634146341463414,central_hist_gradient_boosting_model,bank_1_valid
0.6,0.9649214031438742,0.6206425153793574,0.7382113821138211,0.6743408837727441,0.8935269558829113,0.772676846522625,23216,555,322,908,0.3793574846206425,0.26178861788617885,central_hist_gradient_boosting_model,bank_1_valid
0.65,0.9726810927562898,0.7207425343018563,0.7260162601626017,0.7233697853381936,0.8935269558829113,0.772676846522625,23425,346,337,893,0.27925746569814364,0.2739837398373984,central_hist_gradient_boosting_model,bank_1_valid
0.7,0.9770009199632015,0.7953110910730388,0.7170731707317073,0.7541684480547243,0.8935269558829113,0.772676846522625,23544,227,348,882,0.20468890892696123,0.28292682926829266,central_hist_gradient_boosting_model,bank_1_valid
0.75,0.9800807967681293,0.8630952380952381,0.7073170731707317,0.7774798927613941,0.8935269558829113,0.772676846522625,23633,138,360,870,0.13690476190476192,0.2926829268292683,central_hist_gradient_boosting_model,bank_1_valid
0.8,0.9825206991720331,0.9342825848849945,0.6934959349593496,0.7960802613159123,0.8935269558829113,0.772676846522625,23711,60,377,853,0.06571741511500548,0.3065040650406504,central_hist_gradient_boosting_model,bank_1_valid
0.85,0.9831206751729931,0.9559819413092551,0.6886178861788618,0.8005671077504726,0.8935269558829113,0.772676846522625,23732,39,383,847,0.04401805869074492,0.31138211382113823,central_hist_gradient_boosting_model,bank_1_valid
0.9,0.9825606975720971,0.9737470167064439,0.6634146341463415,0.7891682785299806,0.8935269558829113,0.772676846522625,23749,22,414,816,0.026252983293556086,0.33658536585365856,central_hist_gradient_boosting_model,bank_1_valid
0.1,0.07728,0.03320615487820217,0.9887640449438202,0.06425442154794743,0.8579678672455744,0.7299933097370023,1140,23059,9,792,0.9667938451217978,0.011235955056179775,central_hist_gradient_boosting_model,bank_2_valid
0.15,0.23,0.038105252616293626,0.9500624219725343,0.07327171191989217,0.8579678672455744,0.7299933097370023,4989,19210,40,761,0.9618947473837064,0.049937578027465665,central_hist_gradient_boosting_model,bank_2_valid
0.2,0.77668,0.10335102853351029,0.7777777777777778,0.18245716796016986,0.8579678672455744,0.7299933097370023,18794,5405,178,623,0.8966489714664897,0.2222222222222222,central_hist_gradient_boosting_model,bank_2_valid
0.25,0.92776,0.26875287620800736,0.7290886392009988,0.39273705447209145,0.8579678672455744,0.7299933097370023,22610,1589,217,584,0.7312471237919926,0.27091136079900124,central_hist_gradient_boosting_model,bank_2_valid
0.3,0.94948,0.3574074074074074,0.7228464419475655,0.47831474597273854,0.8579678672455744,0.7299933097370023,23158,1041,222,579,0.6425925925925926,0.27715355805243447,central_hist_gradient_boosting_model,bank_2_valid
0.35,0.95932,0.4211678832116788,0.7203495630461922,0.5315522800552741,0.8579678672455744,0.7299933097370023,23406,793,224,577,0.5788321167883211,0.27965043695380776,central_hist_gradient_boosting_model,bank_2_valid
0.4,0.9652,0.47174447174447176,0.7191011235955056,0.56973293768546,0.8579678672455744,0.7299933097370023,23554,645,225,576,0.5282555282555282,0.2808988764044944,central_hist_gradient_boosting_model,bank_2_valid
0.45,0.97156,0.5426944971537002,0.714107365792759,0.6167115902964959,0.8579678672455744,0.7299933097370023,23717,482,229,572,0.4573055028462998,0.2858926342072409,central_hist_gradient_boosting_model,bank_2_valid
0.5,0.97632,0.611764705882353,0.714107365792759,0.6589861751152074,0.8579678672455744,0.7299933097370023,23836,363,229,572,0.38823529411764707,0.2858926342072409,central_hist_gradient_boosting_model,bank_2_valid
0.55,0.98164,0.714824120603015,0.7103620474406991,0.7125860989355041,0.8579678672455744,0.7299933097370023,23972,227,232,569,0.2851758793969849,0.28963795255930086,central_hist_gradient_boosting_model,bank_2_valid
0.6,0.98504,0.8002812939521801,0.7103620474406991,0.7526455026455027,0.8579678672455744,0.7299933097370023,24057,142,232,569,0.19971870604781997,0.28963795255930086,central_hist_gradient_boosting_model,bank_2_valid
0.65,0.9864,0.8404726735598228,0.7103620474406991,0.7699594046008119,0.8579678672455744,0.7299933097370023,24091,108,232,569,0.15952732644017725,0.28963795255930086,central_hist_gradient_boosting_model,bank_2_valid
0.7,0.98712,0.8656488549618321,0.7078651685393258,0.7788461538461539,0.8579678672455744,0.7299933097370023,24111,88,234,567,0.13435114503816795,0.29213483146067415,central_hist_gradient_boosting_model,bank_2_valid
0.75,0.9878,0.8911671924290221,0.7053682896379525,0.7874564459930313,0.8579678672455744,0.7299933097370023,24130,69,236,565,0.10883280757097792,0.29463171036204744,central_hist_gradient_boosting_model,bank_2_valid
0.8,0.98904,0.9428571428571428,0.700374531835206,0.8037249283667621,0.8579678672455744,0.7299933097370023,24165,34,240,561,0.05714285714285714,0.299625468164794,central_hist_gradient_boosting_model,bank_2_valid
0.85,0.9896,0.9753954305799648,0.6928838951310862,0.8102189781021898,0.8579678672455744,0.7299933097370023,24185,14,246,555,0.02460456942003515,0.30711610486891383,central_hist_gradient_boosting_model,bank_2_valid
0.9,0.9896,0.9873873873873874,0.6841448189762797,0.8082595870206489,0.8579678672455744,0.7299933097370023,24192,7,253,548,0.012612612612612612,0.31585518102372034,central_hist_gradient_boosting_model,bank_2_valid
0.1,0.06931861362772744,0.04163061838256499,0.9950763170851797,0.07991774917452597,0.8814342410174092,0.758920637285756,1445,46525,10,2021,0.958369381617435,0.004923682914820286,central_hist_gradient_boosting_model,central_valid
0.15,0.20315593688126238,0.046901212673153427,0.9635647464303299,0.08944854537559704,0.8814342410174092,0.758920637285756,8201,39769,74,1957,0.9530987873268466,0.03643525356967011,central_hist_gradient_boosting_model,central_valid
0.2,0.6370272594548109,0.08874260053072056,0.8562284588872476,0.1608174966477089,0.8814342410174092,0.758920637285756,30113,17857,292,1739,0.9112573994692794,0.14377154111275234,central_hist_gradient_boosting_model,central_valid
0.25,0.8196636067278654,0.15961800818553887,0.8064992614475628,0.26649312616936466,0.8814342410174092,0.758920637285756,39346,8624,393,1638,0.8403819918144612,0.1935007385524372,central_hist_gradient_boosting_model,central_valid
0.3,0.886002279954401,0.23254118676191865,0.7853274249138356,0.35883014623172105,0.8814342410174092,0.758920637285756,42706,5264,436,1595,0.7674588132380814,0.21467257508616444,central_hist_gradient_boosting_model,central_valid
0.35,0.9174416511669766,0.2999427590154551,0.7740029542097489,0.43234323432343236,0.8814342410174092,0.758920637285756,44301,3669,459,1572,0.7000572409845449,0.2259970457902511,central_hist_gradient_boosting_model,central_valid
0.4,0.9360612787744245,0.36327392120075047,0.7626784835056623,0.4921366163621922,0.8814342410174092,0.758920637285756,45255,2715,482,1549,0.6367260787992496,0.23732151649433778,central_hist_gradient_boosting_model,central_valid
0.45,0.9486410271794564,0.42531293463143255,0.7528311176760216,0.543547813722005,0.8814342410174092,0.758920637285756,45904,2066,502,1529,0.5746870653685675,0.24716888232397832,central_hist_gradient_boosting_model,central_valid
0.5,0.9587208255834884,0.4946201499836974,0.7469226981782373,0.5951353471949784,0.8814342410174092,0.758920637285756,46420,1550,514,1517,0.5053798500163026,0.2530773018217627,central_hist_gradient_boosting_model,central_valid
0.55,0.9676606467870642,0.5802948021722265,0.7365829640571148,0.649164677804296,0.8814342410174092,0.758920637285756,46888,1082,535,1496,0.4197051978277735,0.2634170359428853,central_hist_gradient_boosting_model,central_valid
0.6,0.9749805003899922,0.6793928242870285,0.7272279665189562,0.7024970273483948,0.8814342410174092,0.758920637285756,47273,697,554,1477,0.3206071757129715,0.27277203348104384,central_hist_gradient_boosting_model,central_valid
0.65,0.9795404091918162,0.7630480167014614,0.7198424421467258,0.740815809475551,0.8814342410174092,0.758920637285756,47516,454,569,1462,0.23695198329853862,0.28015755785327423,central_hist_gradient_boosting_model,central_valid
0.7,0.9820603587928242,0.8214285714285714,0.7134416543574594,0.7636363636363637,0.8814342410174092,0.758920637285756,47655,315,582,1449,0.17857142857142858,0.2865583456425406,central_hist_gradient_boosting_model,central_valid
0.75,0.9839403211935761,0.8739342265529841,0.706548498276711,0.7813776204737272,0.8814342410174092,0.758920637285756,47763,207,596,1435,0.12606577344701583,0.29345150172328904,central_hist_gradient_boosting_model,central_valid
0.8,0.9857802843943121,0.9376657824933687,0.6962087641555884,0.7990957897711218,0.8814342410174092,0.758920637285756,47876,94,617,1414,0.0623342175066313,0.30379123584441164,central_hist_gradient_boosting_model,central_valid
0.85,0.9863602727945441,0.963573883161512,0.690300344657804,0.8043602983362019,0.8814342410174092,0.758920637285756,47917,53,629,1402,0.036426116838487975,0.30969965534219596,central_hist_gradient_boosting_model,central_valid
0.9,0.9860802783944321,0.9791816223977028,0.671590349581487,0.7967289719626168,0.8814342410174092,0.758920637285756,47941,29,667,1364,0.0208183776022972,0.32840965041851305,central_hist_gradient_boosting_model,central_valid
